{"cameraMode":{"drawMode":0,"name":"Shaded","section":"Shading Mode"},"sceneLighting":true,"audioPlay":false,"sceneViewState":{"showFog":true,"showMaterialUpdate":false,"showSkybox":true,"showFlares":true,"showImageEffects":true,"showParticleSystems":true,"showVisualEffectGraphs":true,"m_FxEnabled":true},"in2DMode":false,"pivot":{"x":-3.5902888774871828,"y":23.973600387573243,"z":-3.4932034015655519},"rotation":{"x":0.5835569500923157,"y":-0.023381786420941354,"z":0.016813142225146295,"w":0.8115612864494324},"size":0.6343690156936646,"orthographic":false}